Type,Benchmark,Task,Instruction,Images
Edit,Virtual Try-On,Place one or more clothing items onto a user body,Place this white jacket on me please,model_wp_000_img1_PRETTYGARDEN_Women39s_Boho_Floral_Maxi_Dress_Summer_Short_Sl.jpg
Edit,Virtual Try-On,Place one or more clothing items onto a user body,I want to see how this casual dress looks on me,portrait_w_001_ANRABESS_Womens_Summer_Maxi_Dress_Short_Sleeve_Casual_Loose_.jpg; w_dress_003_Sponsored_Ad_-_Zeagoo_Womens_Casual_Dress_for_Summer_Tank_Dr.jpg
Edit,Virtual Try-On,Place one or more clothing items onto a user body,I want to see how this cropped jacket looks on me,model_wp_001_img1_PRETTYGARDEN_Women39s_Summer_Floral_Boho_Maxi_Dress_Short_Sl.jpg; w_outer_006_Sponsored_Ad_-_Grabsa_Women_s_Button_Down_Long_Sleeve_Croppe.jpg
Edit,Virtual Try-On,Place one or more clothing items onto a user body,Show what I'd look like in this knit top and skinny pants,model_wp_002_img1_PRETTYGARDEN_Summer_Dresses_for_Women_2026_Casual_Floral_Boh.jpg; w_top_009_Sponsored_Ad_-_Artfish_Women_s_Round_Neck_Long_Sleeve_Knit_R.jpg; w_bottom_000_Sponsored_Ad_-_KUNMI_Womens_Classic_High_Waisted_Skinny_Stre.jpg
Edit,Virtual Try-On,Place one or more clothing items onto a user body,Place this casual dress and sneakers on me please,model_wp_003_img1_Women39s_2026_Spring_Formal_Evening_Gown_Elegant_Long_Prom_D.jpg; w_dress_002_Sponsored_Ad_-_Summer_Casual_Floral_Dresses_for_Women_Beach_.jpg; w_shoe_003_Sponsored_Ad_-_SERNIAL_Womens_White_Tennis_Shoes_PU_Leather_.jpg
Edit,Virtual Try-On,Place one or more clothing items onto a user body,Place this casual dress on me please,model_wp_004_img1_ZESICA_Women39s_Long_Sleeve_Floral_Bodycon_Dress_2026_Spring.jpg; w_top_005_Sponsored_Ad_-_Fayenne_Womens_Tops_Dressy_Casual_V_Neck_Ruff.jpg
Edit,Virtual Try-On,Place one or more clothing items onto a user body,I want to see how this blazer and bodycon dress looks on me,portrait_w_006_Womens_Summer_Dresses_Floral_Patterns_Vintage_Elegant_Cockta.jpg; w_outer_008_Sponsored_Ad_-_Cicy_Bell_Womens_Casual_Blazers_Open_Front_Lo.jpg; w_dress_009_CHICME_Bodycon_Midi_Dress_for_Women_Mesh_Puff_Sleeve_Slit_Wo.jpg
Edit,Virtual Try-On,Place one or more clothing items onto a user body,Put this denim jacket and jeans on me,model_wp_005_img1_BTFBM_Women_Summer_Floral_Maxi_Dresses_Elegant_Spaghetti_Str.jpg; w_outer_001_Wrangler_Authentics_womens_Stretch_Denim_Jacket.jpg; w_bottom_002_Sponsored_Ad_-_Rammus_Jeggings_Pull_on_Stretchy_Jeans_for_Wo.jpg
Edit,Virtual Try-On,Place one or more clothing items onto a user body,Try this dress on my body,model_wp_006_img1_Verdusa_Women39s_Floral_Mesh_Maxi_Dresses_Elegant_Formal_Lon.jpg; w_dress_004_OFEEFAN_Womens_Summer_Dresses_Fashion_Short_Sleeve_Crew_Neck.jpg
Edit,Virtual Try-On,Place one or more clothing items onto a user body,"Apply this denim jacket, linen pants, and sneakers to my photo",portrait_w_009_Flessibili_Womens_Summer_Floral_Maxi_Dress_Wedding_Guest_Par.jpg; w_outer_007_Sponsored_Ad_-_Justalwart_Women_s_Oversized_Vintage_Denim_Ja.jpg; w_bottom_008_Sponsored_Ad_-_Amazon_Essentials_Women_s_Pull_On_Linen_Blend.jpg; w_shoe_009_Sponsored_Ad_-_Abbleet_Women_s_Ankle_Boots_Pointed_Toe_Chunk.jpg
Edit,Virtual Try-On,Place one or more clothing items onto a user body,Show me wearing this top and jeans,model_wp_007_img1_Verdusa_Women39s_Floral_Mesh_Maxi_Dresses_Elegant_Formal_Lon.jpg; w_top_000_Sponsored_Ad_-_domirica_Elegant_Button_Up_Shirts_for_Women_L.jpg; w_bottom_001_Sponsored_Ad_-_KUNMI_Women_s_Wide_Leg_Jeans_High_Waisted_Str.jpg
Edit,Virtual Try-On,Place one or more clothing items onto a user body,Dress me up with this casual dress and sneakers,portrait_w_011_Maxigerui_Women_s_Summer_Floral_Maxi_Dress_Spring_Wedding_Gu.jpg; w_dress_003_Sponsored_Ad_-_Zeagoo_Womens_Casual_Dress_for_Summer_Tank_Dr.jpg; w_shoe_004_adidas_Women_s_Grand_Court_2_0_Tennis_Shoe.jpg
Edit,Virtual Try-On,Place one or more clothing items onto a user body,Put this top on me,model_wp_008_img1_Verdusa_Women39s_Floral_Mesh_Maxi_Dresses_Elegant_Formal_Lon.jpg; w_top_006_Sponsored_Ad_-_Missufe_Women_s_Crew_Neck_Short_Sleeve_Ribbed.jpg
Edit,Virtual Try-On,Place one or more clothing items onto a user body,Apply this blazer and casual dress to my photo,portrait_w_013_Sissyaki_Women_s_Floral_Maxi_Dress_2026_Summer_Spring_Weddin.jpg; w_outer_009_Ahlaray_Women_s_Blazer_Business_Casual_Lapel_Collar_Long_Sle.jpg; w_dress_000_Sponsored_Ad_-_POPYOUNG_Women_s_Summer_T_Shirt_Dress_Casual_.jpg
Edit,Virtual Try-On,Place one or more clothing items onto a user body,Show what I'd look like in this jacket and jeans,model_wp_009_img1_ZESICA_Women39s_Summer_Off_Shoulder_Floral_Bodycon_Maxi_Dres.jpg; w_outer_002_Lee_Women_s_Rider_Jacket.jpg; w_bottom_003_Sponsored_Ad_-_Vibrant_Women_s_Denim_Skinny_Jeans_Super_Stre.jpg
Edit,Virtual Try-On,Place one or more clothing items onto a user body,Show me wearing this top and dress,model_mp_000_img1_MAGE_MALE_Men39s_3_Pieces_Suit_Elegant_Solid_One_Button_Slim.jpg; m_top_000_Sponsored_Ad_-_Nautica_Men_s_Classic_Fit_Short_Sleeve_Dual_T.jpg; m_bottom_001_Sponsored_Ad_-_Libin_Mens_Golf_Pants_Stretch_Work_Dress_Pant.jpg
Edit,Virtual Try-On,Place one or more clothing items onto a user body,Dress me up with this blazer and chinos,model_mp_001_img1_MAGE_MALE_Men39s_3_Pieces_Suit_Elegant_Solid_One_Button_Slim.jpg; m_outer_003_COOFANDY_Mens_Casual_Blazer_Knit_Sport_Coat_Lightweight_Two_.jpg; m_bottom_004_Dockers_Men_s_Slim_Fit_Signature_Khaki_Lux_Cotton_Stretch_Pa.jpg
Edit,Virtual Try-On,Place one or more clothing items onto a user body,Apply this blazer to my photo,model_mp_002_img1_MAGE_MALE_Men39s_3_Pieces_Suit_Elegant_Solid_One_Button_Slim.jpg; m_outer_006_Sponsored_Ad_-_COOFANDY_Mens_Casual_Blazer_Knit_Sport_Coat_L.jpg
Edit,Virtual Try-On,Place one or more clothing items onto a user body,Apply this top to my photo,model_mp_003_img1_LUPURTY_Suits_for_Men_3_Piece_Men39s_Suit_Slim_Fit_Solid_Jac.jpg; m_top_009_Sponsored_Ad_-_Field_Stream_Men_s_Hemingway_Long_Sleeve_Henl.jpg
Edit,Virtual Try-On,Place one or more clothing items onto a user body,Try on this outfit for me,model_mp_004_img1_Men39s_3_Piece_Linen_Suits_Casual_Lightweight_Blazer_Jackets.jpg; m_outer_002_PJ_PAUL_JONES_Men_s_Lightweight_Sport_Coat_Casual_One_Button.jpg
Edit,Virtual Try-On,Place one or more clothing items onto a user body,Virtually try on this polo shirt for me,model_mp_005_img1_Mens_Suit_Slim_Fit_3_Piece_Double_Breasted_Suit_Men_Formal_T.jpg; m_top_005_Lacoste_Men_s_Original_Cotton_Pique_Polo.jpg
Edit,Virtual Try-On,Place one or more clothing items onto a user body,Apply this bomber jacket to my photo,model_mp_006_img1_WOMS_Mens_Suit_3_Pieces_Slim_Fit_Suits_for_Men_Formal_Tuxedo.jpg; m_outer_008_TACVASEN_Men_s_Bomber_Jacket_Lightweight_Casual_Spring_Fall_.jpg
Edit,Virtual Try-On,Place one or more clothing items onto a user body,Can you dress me in this polo shirt and skinny pants?,model_mp_007_img1_WULFUL_Mens_Slim_Fit_Suit_One_Button_3-Piece_Blazer_Dress_Bu.jpg; m_top_001_Sponsored_Ad_-_Nautica_Men_s_Performance_Pique_Polo_Shirt.jpg; m_bottom_002_Sponsored_Ad_-_Plaid_Plain_Men_s_Skinny_Stretchy_Khaki_Pants.jpg
Edit,Virtual Try-On,Place one or more clothing items onto a user body,Try this blazer and chinos on my body,model_mp_008_img1_Wangyue_Mens_Suit_3_Piece_Slim_Fit_Suit_for_Men_Formal_Busin.jpg; m_outer_004_PJ_PAUL_JONES_Men_s_Casual_Knit_Blazer_Suit_Jackets_Two_Butt.jpg; m_bottom_005_Amazon_Essentials_Men_s_Slim-Fit_Casual_Stretch_Chino_Pant.jpg
Edit,Virtual Try-On,Place one or more clothing items onto a user body,"Virtually try on this jacket, pants, and sneakers for me",model_mp_009_img1_Linen_Mens_Suits_3_Piece_Slim_Fit_Tuxedo_Suit_for_Men_Beach_.jpg; m_outer_007_Sponsored_Ad_-_Members_Only_Original_Iconic_Racer_Jacket_for.jpg; m_bottom_008_Sponsored_Ad_-_Men_s_Straight_Fit_Stretch_Business_Casual_Je.jpg; m_shoe_009_Sponsored_Ad_-_Bruno_Marc_Men_s_Lace_Up_Soft_Cap-Toe_Formal_.jpg
Edit,Virtual Try-On,Place one or more clothing items onto a user body,Can you dress me in this top and dress?,model_mp_010_img1_Comdecevis_Men39s_Linen_Shorts_Casual_Elastic_Waist_Drawstri.jpg; m_top_000_Sponsored_Ad_-_Nautica_Men_s_Classic_Fit_Short_Sleeve_Dual_T.jpg; m_bottom_001_Sponsored_Ad_-_Libin_Mens_Golf_Pants_Stretch_Work_Dress_Pant.jpg
Edit,Virtual Try-On,Place one or more clothing items onto a user body,Try this blazer and sneakers on my body,model_mp_011_img1_Comdecevis_Men39s_Linen_Shorts_Casual_Elastic_Waist_Drawstri.jpg; m_outer_003_COOFANDY_Mens_Casual_Blazer_Knit_Sport_Coat_Lightweight_Two_.jpg; m_shoe_004_Sponsored_Ad_-_Project_Cloud_Shoes_for_Men_-_100_Genuine_Lea.jpg
Edit,Virtual Try-On,Place one or more clothing items onto a user body,Show me wearing this polo shirt and sneakers,model_mp_012_img1_Comdecevis_Men39s_Linen_Shorts_Casual_Elastic_Waist_Drawstri.jpg; m_top_006_U_S_Polo_Assn_Men_s_Classic_Polo_Shirt_Two-Button_Closure_Pi.jpg; m_shoe_007_Sponsored_Ad_-_Marc_Joseph_New_York_Men_s_Baker_Street_Hands.jpg
Edit,Virtual Try-On,Place one or more clothing items onto a user body,Can you dress me in this bomber jacket?,model_mp_013_img1_COOFANDY_Mens_2_Pieces_Cotton_Linen_Sets_Short_Sleeve_Casual.jpg; m_outer_009_TACVASEN_Men_s_Jackets-Bomber_Jacket_Fall_Winter_Warm_Windbr.jpg
Edit,Virtual Try-On,Place one or more clothing items onto a user body,Put this polo shirt and chinos on me,model_mp_014_img1_Summer_Beach_party_hawaiian_Outfits_2_Piece_Short_Sleeve_Shi.jpg; m_top_002_Sponsored_Ad_-_Port_Authority_Core_Classic_Pique_Polo_K100.jpg; m_bottom_003_Sponsored_Ad_-_Dockers_Men_s_Slim_Fit_Easy_Khaki_Pants.jpg
Edit,Outfit Styling,Suggest outfit styling combinations given an anchor clothing item,Generate outfit ideas that complement this floral boho maxi dress,model_wp_000_img1_PRETTYGARDEN_Women39s_Boho_Floral_Maxi_Dress_Summer_Short_Sl.jpg
Edit,Outfit Styling,Suggest outfit styling combinations given an anchor clothing item,Suggest complete looks to style with this casual green maxi dress,portrait_w_001_ANRABESS_Womens_Summer_Maxi_Dress_Short_Sleeve_Casual_Loose_.jpg
Edit,Outfit Styling,Suggest outfit styling combinations given an anchor clothing item,What accessories and layers would pair well with this black wrap midi dress?,model_wp_001_img1_PRETTYGARDEN_Women39s_Summer_Floral_Boho_Maxi_Dress_Short_Sl.jpg
Edit,Outfit Styling,Suggest outfit styling combinations given an anchor clothing item,Build a head-to-toe look around this casual floral dress,model_wp_002_img1_PRETTYGARDEN_Summer_Dresses_for_Women_2026_Casual_Floral_Boh.jpg
Edit,Outfit Styling,Suggest outfit styling combinations given an anchor clothing item,Create styling options for this navy formal evening gown,model_wp_003_img1_Women39s_2026_Spring_Formal_Evening_Gown_Elegant_Long_Prom_D.jpg
Edit,Outfit Styling,Suggest outfit styling combinations given an anchor clothing item,Show me outfit combinations featuring this floral bodycon dress,model_wp_004_img1_ZESICA_Women39s_Long_Sleeve_Floral_Bodycon_Dress_2026_Spring.jpg
Edit,Outfit Styling,Suggest outfit styling combinations given an anchor clothing item,Design a complete outfit centered on this elegant green patterned wrap dress,portrait_w_006_Womens_Summer_Dresses_Floral_Patterns_Vintage_Elegant_Cockta.jpg
Edit,Outfit Styling,Suggest outfit styling combinations given an anchor clothing item,Recommend complementary pieces for this floral maxi dress,model_wp_005_img1_BTFBM_Women_Summer_Floral_Maxi_Dresses_Elegant_Spaghetti_Str.jpg
Edit,Outfit Styling,Suggest outfit styling combinations given an anchor clothing item,Put together a full look that goes with this floral mesh maxi dress,model_wp_006_img1_Verdusa_Women39s_Floral_Mesh_Maxi_Dresses_Elegant_Formal_Lon.jpg
Edit,Outfit Styling,Suggest outfit styling combinations given an anchor clothing item,Style a weekend outfit around this colorful floral midi dress,portrait_w_009_Flessibili_Womens_Summer_Floral_Maxi_Dress_Wedding_Guest_Par.jpg
Edit,Outfit Styling,Suggest outfit styling combinations given an anchor clothing item,Suggest a date-night look with this elegant mesh dress,model_wp_007_img1_Verdusa_Women39s_Floral_Mesh_Maxi_Dresses_Elegant_Formal_Lon.jpg
Edit,Outfit Styling,Suggest outfit styling combinations given an anchor clothing item,Create a casual chic outfit with this floral maxi dress,portrait_w_011_Maxigerui_Women_s_Summer_Floral_Maxi_Dress_Spring_Wedding_Gu.jpg
Edit,Outfit Styling,Suggest outfit styling combinations given an anchor clothing item,What shoes and accessories go best with this floral mesh maxi dress?,model_wp_008_img1_Verdusa_Women39s_Floral_Mesh_Maxi_Dresses_Elegant_Formal_Lon.jpg
Edit,Outfit Styling,Suggest outfit styling combinations given an anchor clothing item,Generate a brunch outfit featuring this pink floral maxi dress,portrait_w_013_Sissyaki_Women_s_Floral_Maxi_Dress_2026_Summer_Spring_Weddin.jpg
Edit,Outfit Styling,Suggest outfit styling combinations given an anchor clothing item,Design a layered look around this off-shoulder floral dress,model_wp_009_img1_ZESICA_Women39s_Summer_Off_Shoulder_Floral_Bodycon_Maxi_Dres.jpg
Edit,Outfit Styling,Suggest outfit styling combinations given an anchor clothing item,Generate outfit ideas that complement this black three-piece suit,model_mp_000_img1_MAGE_MALE_Men39s_3_Pieces_Suit_Elegant_Solid_One_Button_Slim.jpg
Edit,Outfit Styling,Suggest outfit styling combinations given an anchor clothing item,Suggest complete looks to style with this navy three-piece suit,model_mp_001_img1_MAGE_MALE_Men39s_3_Pieces_Suit_Elegant_Solid_One_Button_Slim.jpg
Edit,Outfit Styling,Suggest outfit styling combinations given an anchor clothing item,What accessories would pair well with this gray three-piece suit?,model_mp_002_img1_MAGE_MALE_Men39s_3_Pieces_Suit_Elegant_Solid_One_Button_Slim.jpg
Edit,Outfit Styling,Suggest outfit styling combinations given an anchor clothing item,Build a head-to-toe look around this slim-fit suit,model_mp_003_img1_LUPURTY_Suits_for_Men_3_Piece_Men39s_Suit_Slim_Fit_Solid_Jac.jpg
Edit,Outfit Styling,Suggest outfit styling combinations given an anchor clothing item,Create styling options for this linen blazer set,model_mp_004_img1_Men39s_3_Piece_Linen_Suits_Casual_Lightweight_Blazer_Jackets.jpg
Edit,Outfit Styling,Suggest outfit styling combinations given an anchor clothing item,Show me outfit combinations featuring this double-breasted suit,model_mp_005_img1_Mens_Suit_Slim_Fit_3_Piece_Double_Breasted_Suit_Men_Formal_T.jpg
Edit,Outfit Styling,Suggest outfit styling combinations given an anchor clothing item,Design a complete outfit centered on this slim-fit tuxedo,model_mp_006_img1_WOMS_Mens_Suit_3_Pieces_Slim_Fit_Suits_for_Men_Formal_Tuxedo.jpg
Edit,Outfit Styling,Suggest outfit styling combinations given an anchor clothing item,Recommend complementary pieces for this classic blazer suit,model_mp_007_img1_WULFUL_Mens_Slim_Fit_Suit_One_Button_3-Piece_Blazer_Dress_Bu.jpg
Edit,Outfit Styling,Suggest outfit styling combinations given an anchor clothing item,Put together a full look that goes with this tan three-piece suit,model_mp_008_img1_Wangyue_Mens_Suit_3_Piece_Slim_Fit_Suit_for_Men_Formal_Busin.jpg
Edit,Outfit Styling,Suggest outfit styling combinations given an anchor clothing item,Style a casual weekend outfit around this linen suit,model_mp_009_img1_Linen_Mens_Suits_3_Piece_Slim_Fit_Tuxedo_Suit_for_Men_Beach_.jpg
Edit,Outfit Styling,Suggest outfit styling combinations given an anchor clothing item,Suggest a smart-casual look with this linen shorts outfit,model_mp_010_img1_Comdecevis_Men39s_Linen_Shorts_Casual_Elastic_Waist_Drawstri.jpg
Edit,Outfit Styling,Suggest outfit styling combinations given an anchor clothing item,Create a business casual outfit with this casual linen shorts set,model_mp_011_img1_Comdecevis_Men39s_Linen_Shorts_Casual_Elastic_Waist_Drawstri.jpg
Edit,Outfit Styling,Suggest outfit styling combinations given an anchor clothing item,What shoes go best with this linen shorts casual set?,model_mp_012_img1_Comdecevis_Men39s_Linen_Shorts_Casual_Elastic_Waist_Drawstri.jpg
Edit,Outfit Styling,Suggest outfit styling combinations given an anchor clothing item,Generate a date-night look featuring this cotton linen shirt and pants,model_mp_013_img1_COOFANDY_Mens_2_Pieces_Cotton_Linen_Sets_Short_Sleeve_Casual.jpg
Edit,Outfit Styling,Suggest outfit styling combinations given an anchor clothing item,Design a layered outfit around this Hawaiian beach outfit,model_mp_014_img1_Summer_Beach_party_hawaiian_Outfits_2_Piece_Short_Sleeve_Shi.jpg
Edit,Garment Editing,"Modify clothing attributes in an image such as color, fabric, or fit while preserving the garment structure",Change the color of this dress to emerald green,model_wp_000_img1_PRETTYGARDEN_Women39s_Boho_Floral_Maxi_Dress_Summer_Short_Sl.jpg
Edit,Garment Editing,"Modify clothing attributes in an image such as color, fabric, or fit while preserving the garment structure",Make this dress sleeveless and change the fabric to silk,portrait_w_001_ANRABESS_Womens_Summer_Maxi_Dress_Short_Sleeve_Casual_Loose_.jpg
Edit,Garment Editing,"Modify clothing attributes in an image such as color, fabric, or fit while preserving the garment structure",Convert this midi dress to a mini length and add a floral pattern,model_wp_001_img1_PRETTYGARDEN_Women39s_Summer_Floral_Boho_Maxi_Dress_Short_Sl.jpg
Edit,Garment Editing,"Modify clothing attributes in an image such as color, fabric, or fit while preserving the garment structure",Transform this dress into a cropped version in pastel pink,model_wp_002_img1_PRETTYGARDEN_Summer_Dresses_for_Women_2026_Casual_Floral_Boh.jpg
Edit,Garment Editing,"Modify clothing attributes in an image such as color, fabric, or fit while preserving the garment structure",Change the neckline of this dress from round to V-neck,model_wp_003_img1_Women39s_2026_Spring_Formal_Evening_Gown_Elegant_Long_Prom_D.jpg
Edit,Garment Editing,"Modify clothing attributes in an image such as color, fabric, or fit while preserving the garment structure",Make this outfit distressed and add a more casual feel,model_wp_004_img1_ZESICA_Women39s_Long_Sleeve_Floral_Bodycon_Dress_2026_Spring.jpg
Edit,Garment Editing,"Modify clothing attributes in an image such as color, fabric, or fit while preserving the garment structure",Turn this summer dress into a long-sleeve winter version,portrait_w_006_Womens_Summer_Dresses_Floral_Patterns_Vintage_Elegant_Cockta.jpg
Edit,Garment Editing,"Modify clothing attributes in an image such as color, fabric, or fit while preserving the garment structure",Change this dress to a slim fit silhouette in navy,model_wp_005_img1_BTFBM_Women_Summer_Floral_Maxi_Dresses_Elegant_Spaghetti_Str.jpg
Edit,Garment Editing,"Modify clothing attributes in an image such as color, fabric, or fit while preserving the garment structure",Transform this outfit into an evening-ready satin version,model_wp_006_img1_Verdusa_Women39s_Floral_Mesh_Maxi_Dresses_Elegant_Formal_Lon.jpg
Edit,Garment Editing,"Modify clothing attributes in an image such as color, fabric, or fit while preserving the garment structure",Make this dress oversized and change it to olive green,portrait_w_009_Flessibili_Womens_Summer_Floral_Maxi_Dress_Wedding_Guest_Par.jpg
Edit,Garment Editing,"Modify clothing attributes in an image such as color, fabric, or fit while preserving the garment structure",Add ruffles to this dress and change it to burgundy,model_wp_007_img1_Verdusa_Women39s_Floral_Mesh_Maxi_Dresses_Elegant_Formal_Lon.jpg
Edit,Garment Editing,"Modify clothing attributes in an image such as color, fabric, or fit while preserving the garment structure",Convert this dress to a full-length gown in black,portrait_w_011_Maxigerui_Women_s_Summer_Floral_Maxi_Dress_Spring_Wedding_Gu.jpg
Edit,Garment Editing,"Modify clothing attributes in an image such as color, fabric, or fit while preserving the garment structure",Change this dress from its current color to classic black,model_wp_008_img1_Verdusa_Women39s_Floral_Mesh_Maxi_Dresses_Elegant_Formal_Lon.jpg
Edit,Garment Editing,"Modify clothing attributes in an image such as color, fabric, or fit while preserving the garment structure",Make this dress shorter and add a belt detail,portrait_w_013_Sissyaki_Women_s_Floral_Maxi_Dress_2026_Summer_Spring_Weddin.jpg
Edit,Garment Editing,"Modify clothing attributes in an image such as color, fabric, or fit while preserving the garment structure",Transform this outfit into an off-shoulder style in coral,model_wp_009_img1_ZESICA_Women39s_Summer_Off_Shoulder_Floral_Bodycon_Maxi_Dres.jpg
Edit,Garment Editing,"Modify clothing attributes in an image such as color, fabric, or fit while preserving the garment structure",Change this shirt from its current color to navy blue,model_mp_000_img1_MAGE_MALE_Men39s_3_Pieces_Suit_Elegant_Solid_One_Button_Slim.jpg
Edit,Garment Editing,"Modify clothing attributes in an image such as color, fabric, or fit while preserving the garment structure",Make this outfit double-breasted and change to charcoal,model_mp_001_img1_MAGE_MALE_Men39s_3_Pieces_Suit_Elegant_Solid_One_Button_Slim.jpg
Edit,Garment Editing,"Modify clothing attributes in an image such as color, fabric, or fit while preserving the garment structure",Convert these pants to slim fit in dark wash,model_mp_002_img1_MAGE_MALE_Men39s_3_Pieces_Suit_Elegant_Solid_One_Button_Slim.jpg
Edit,Garment Editing,"Modify clothing attributes in an image such as color, fabric, or fit while preserving the garment structure",Transform this casual outfit into a formal button-down with French cuffs,model_mp_003_img1_LUPURTY_Suits_for_Men_3_Piece_Men39s_Suit_Slim_Fit_Solid_Jac.jpg
Edit,Garment Editing,"Modify clothing attributes in an image such as color, fabric, or fit while preserving the garment structure",Change the color of these pants from current to olive,model_mp_004_img1_Men39s_3_Piece_Linen_Suits_Casual_Lightweight_Blazer_Jackets.jpg
Edit,Garment Editing,"Modify clothing attributes in an image such as color, fabric, or fit while preserving the garment structure",Make this jacket leather instead of its current fabric,model_mp_005_img1_Mens_Suit_Slim_Fit_3_Piece_Double_Breasted_Suit_Men_Formal_T.jpg
Edit,Garment Editing,"Modify clothing attributes in an image such as color, fabric, or fit while preserving the garment structure",Turn this short-sleeve shirt into a long-sleeve version in burgundy,model_mp_006_img1_WOMS_Mens_Suit_3_Pieces_Slim_Fit_Suits_for_Men_Formal_Tuxedo.jpg
Edit,Garment Editing,"Modify clothing attributes in an image such as color, fabric, or fit while preserving the garment structure",Change this outfit from its current fabric to cashmere in camel,model_mp_007_img1_WULFUL_Mens_Slim_Fit_Suit_One_Button_3-Piece_Blazer_Dress_Bu.jpg
Edit,Garment Editing,"Modify clothing attributes in an image such as color, fabric, or fit while preserving the garment structure",Transform this top into a quarter-zip pullover in heather gray,model_mp_008_img1_Wangyue_Mens_Suit_3_Piece_Slim_Fit_Suit_for_Men_Formal_Busin.jpg
Edit,Garment Editing,"Modify clothing attributes in an image such as color, fabric, or fit while preserving the garment structure",Make these pants into tailored trousers in charcoal,model_mp_009_img1_Linen_Mens_Suits_3_Piece_Slim_Fit_Tuxedo_Suit_for_Men_Beach_.jpg
Edit,Garment Editing,"Modify clothing attributes in an image such as color, fabric, or fit while preserving the garment structure",Change this jacket to a darker shade with no distressing,model_mp_010_img1_Comdecevis_Men39s_Linen_Shorts_Casual_Elastic_Waist_Drawstri.jpg
Edit,Garment Editing,"Modify clothing attributes in an image such as color, fabric, or fit while preserving the garment structure",Convert this crew neck to a V-neck in forest green,model_mp_011_img1_Comdecevis_Men39s_Linen_Shorts_Casual_Elastic_Waist_Drawstri.jpg
Edit,Garment Editing,"Modify clothing attributes in an image such as color, fabric, or fit while preserving the garment structure",Make these shoes from their current color to cognac brown,model_mp_012_img1_Comdecevis_Men39s_Linen_Shorts_Casual_Elastic_Waist_Drawstri.jpg
Edit,Garment Editing,"Modify clothing attributes in an image such as color, fabric, or fit while preserving the garment structure",Transform this shirt into a long-sleeve henley in sage,model_mp_013_img1_COOFANDY_Mens_2_Pieces_Cotton_Linen_Sets_Short_Sleeve_Casual.jpg
Edit,Garment Editing,"Modify clothing attributes in an image such as color, fabric, or fit while preserving the garment structure",Change this outfit to a velvet blazer in midnight blue,model_mp_014_img1_Summer_Beach_party_hawaiian_Outfits_2_Piece_Short_Sleeve_Shi.jpg
Edit,Visual Product Search,Search for exact match products based on image,"Find me this exact leather tote bag, I saw someone carrying it and I love it",vps_bag_000_The_Sak_De_Young_Tote_Bag_-_Premium_Leather_Handbag_With_Sty.jpg
Edit,Visual Product Search,Search for exact match products based on image,Can you identify this watch? I want to buy the same one,vps_watch_000_CRRJU_Mens_Fashion_Stainless_Steel_Watches_Date_Waterproof_C.jpg
Edit,Visual Product Search,Search for exact match products based on image,Help me find these polarized sunglasses online,vps_sunglasses_000_KALIYADI_Polarized_Sunglasses_for_Men_Lightweight_Sun_Glasse.jpg
Edit,Visual Product Search,Search for exact match products based on image,"I love this pendant necklace, where can I buy it?",vps_necklace_000_SOULVAYA_Moissanite_Heart_Pendant_Necklace_for_Women__Amulet.jpg
Edit,Visual Product Search,Search for exact match products based on image,"Search for this laptop backpack, I need one for work",vps_backpack_000_MATEIN_Travel_Laptop_Backpack_Business_Anti_Theft_Slim_Sturd.jpg
Edit,Visual Product Search,Search for exact match products based on image,"I spotted this bedside lamp at a friend's house, find it for me",vps_lamp_000_Fenmzee_Bedside_Table_Lamp_for_Bedroom_-_3_Way_Dimmable_Touc.jpg
Edit,Visual Product Search,Search for exact match products based on image,Locate this exact ceramic vase for purchase,vps_vase_000_Lvases_Snuggle_Hollow_Ceramic_Vase_Set_of_2_Nordic_Modern_Bo.jpg
Edit,Visual Product Search,Search for exact match products based on image,What is this speaker? I heard it at a party and the sound was amazing,vps_speaker_001_Marshall_Kilburn_III_Portable_Bluetooth_Speaker_-_Black_amp.jpg
Edit,Visual Product Search,Search for exact match products based on image,"Find this cast iron skillet, my mom has one and I want the same",vps_skillet_000_Lodge_Seasoned_Cast_Iron_Skillet_-_PFAS-Free_Non-Toxic_Cookw.jpg
Edit,Visual Product Search,Search for exact match products based on image,"Search for this cozy throw blanket, I need it for my couch",vps_blanket_000_Bedsure_GentleSoft_White_Throw_Blanket_for_Couch_-_Soft_Cozy.jpg
Edit,Visual Product Search,Search for exact match products based on image,"I saw someone wearing this scarf and I absolutely need it, find it for me",vps_scarf_001_FURTALK_Winter_Scarf_for_Women_Shawl_Soft_Tassel_Plaid_Large.jpg
Edit,Visual Product Search,Search for exact match products based on image,Identify this baseball cap and show me where to buy it,vps_hat_000_Carhartt_Mens_Cotton_Canvas_Cap.jpg
Edit,Visual Product Search,Search for exact match products based on image,"In this living room photo, I really like the sectional sofa. Can you find the exact same one?",vps_scene_living_000_HERAS_HOUSE_3_Pieces_Modular_Sectional_Sofa_Sets_Oversized_C.jpg
Edit,Visual Product Search,Search for exact match products based on image,There are several furniture pieces in this room. I'm interested in the sofa specifically - help me find where to buy it,vps_scene_living_001_Tmsan_1293quot_Oversized_Modular_Sectional_Sofa_U_Shaped_Cou.jpg
Edit,Visual Product Search,Search for exact match products based on image,"This bedroom has a dresser, nightstands, and other furniture. I only want to find the dresser - can you locate it?",vps_scene_bedroom_000_SAVOR_LIFE_Farmhouse_Dresser_and_Nightstand_Sets_4_Piece_57.jpg
Edit,Visual Product Search,Search for exact match products based on image,I love the nightstand in this bedroom set photo. Find me the exact nightstand to purchase,vps_scene_bedroom_001_LOUVIXA_Farmhouse_Bedroom_Sets_of_4_4Pcs_Farmhouse_Dresser_S.jpg
Edit,Visual Product Search,Search for exact match products based on image,This image shows a whole kitchen utensil set. I just want to find the silicone spatula from this collection - where can I buy it separately?,vps_scene_kitchen_000_Astercook_39_PCS_Kitchen_Utensils_Set_Silicone_Cooking_Utens.jpg
Edit,Visual Product Search,Search for exact match products based on image,"Among all these kitchen gadgets, I'm looking for the wooden spoon set. Help me find the exact one",vps_scene_kitchen_001_Kitchen_Utensil_Set-Silicone_Cooking_Utensils-33_Kitchen_Gad.jpg
Edit,Visual Product Search,Search for exact match products based on image,I see multiple bathroom items in this photo. I specifically want the shower caddy organizer - find it for me,vps_scene_bathroom_000_Veken_Shower_Caddy_6-Pack_Advanced_Rustproof_Design_No_Drill.jpg
Edit,Visual Product Search,Search for exact match products based on image,This bathroom accessories set has several pieces. I only need the soap dispenser - can you find it?,vps_scene_bathroom_001_Clara_Clark_Bathroom_Accessories_Set_-_Bathroom_Set_Bathroom.jpg
Edit,Visual Product Search,Search for exact match products based on image,"In this desk setup, there's a monitor stand with drawers. That's the item I want - find it for me",vps_scene_desk_000_gianotter_Dual_Monitor_Stand_Riser_Desk_Organizer_With_Drawe.jpg
Edit,Visual Product Search,Search for exact match products based on image,I like the desk mat in this workspace photo. Can you identify it and find where to purchase it?,vps_scene_desk_001_Felt_Desk_Mat__Computer_Mat_for_Desk36x12Inches__Large_Felt.jpg
Edit,Visual Product Search,Search for exact match products based on image,This dining set has a table and chairs. I already have a table - just find me those exact dining chairs,vps_scene_dining_000_Signature_Design_by_Ashley_Skempton_Cottage_Dining_7_Piece_S.jpg
Edit,Visual Product Search,Search for exact match products based on image,I'm looking at this dining room setup. The wooden dining table is what I want - help me find it online,vps_scene_dining_001_IRONCK_Dining_Table_Set_for_4_Wood_Kitchen_Table_with_Uphols.jpg
Edit,Visual Product Search,Search for exact match products based on image,"This patio has a full furniture set with sofa, chairs, and table. I just want the wicker outdoor sofa - find it",vps_scene_patio_000_KROFEM_8-Piece_Patio_Furniture_Set_Outdoor_Wicker_Rattan_Sec.jpg
Edit,Visual Product Search,Search for exact match products based on image,"Among all the patio furniture in this image, I need the small coffee table. Can you locate it for purchase?",vps_scene_patio_001_Shintenchi_4_Piece_Outdoor_Patio_Furniture_Set_Wicker_Rattan.jpg
Edit,Visual Product Search,Search for exact match products based on image,There are multiple makeup and skincare items on this vanity. I want the clear organizer with gold frame - find it for me,vps_scene_vanity_000_CoralHouse_Clear_Makeup_Organizer_with_Gold_Frame__Counterto.jpg
Edit,Visual Product Search,Search for exact match products based on image,I see a skincare organizer in this photo among other cosmetic items. Help me find that specific organizer,vps_scene_vanity_001_NestOrganix_Makeup_Organizer_Skincare_Organizers_-_Cosmetic.jpg
Edit,Visual Product Search,Search for exact match products based on image,This image shows a set of scented candles. I want to find the lavender pillar candle specifically - where can I buy it?,vps_candle_000_4_Pack_Vanilla_Lavender_Scented_Pillar_CandlesNatural_Soy_Wa.jpg
Edit,Visual Product Search,Search for exact match products based on image,I took this photo of my friend's everyday carry items. I want to find the wireless earbuds case shown here,vps_earbuds_000_Apple_AirPods_Pro_3_Wireless_Earbuds_Active_Noise_Cancellati.jpg
Generation,Shoppable Posts,Generate inspirational visual posts that contain multiple styled products that can be purchased,Create a 'Baking Essentials' shoppable collage with must-have tools,
Generation,Shoppable Posts,Generate inspirational visual posts that contain multiple styled products that can be purchased,Generate a 'Morning Yoga Routine' shoppable post with yoga gear,
Generation,Shoppable Posts,Generate inspirational visual posts that contain multiple styled products that can be purchased,Design a 'Weekend Camping Trip' shoppable mood board,
Generation,Shoppable Posts,Generate inspirational visual posts that contain multiple styled products that can be purchased,Create a 'Spring Garden Starter Kit' shoppable visual post,
Generation,Shoppable Posts,Generate inspirational visual posts that contain multiple styled products that can be purchased,Generate an 'Artist's Studio Essentials' shoppable collage,
Generation,Shoppable Posts,Generate inspirational visual posts that contain multiple styled products that can be purchased,Design a 'Coffee Lover's Corner' shoppable post with brewing gear,
Generation,Shoppable Posts,Generate inspirational visual posts that contain multiple styled products that can be purchased,Create a 'New Puppy Welcome Kit' shoppable visual,
Generation,Shoppable Posts,Generate inspirational visual posts that contain multiple styled products that can be purchased,Generate a 'Beach Day Essentials' shoppable mood board,
Generation,Shoppable Posts,Generate inspirational visual posts that contain multiple styled products that can be purchased,Design a 'Perfect Picnic Setup' shoppable collage,
Generation,Shoppable Posts,Generate inspirational visual posts that contain multiple styled products that can be purchased,Create a 'Self-Care Sunday Spa Kit' shoppable post,
Generation,Shoppable Posts,Generate inspirational visual posts that contain multiple styled products that can be purchased,Generate a 'Home Gym Starter Pack' shoppable visual,
Generation,Shoppable Posts,Generate inspirational visual posts that contain multiple styled products that can be purchased,Design a 'Craft Cocktail Night' shoppable mood board,
Generation,Shoppable Posts,Generate inspirational visual posts that contain multiple styled products that can be purchased,Create a 'Cozy Reading Nook' shoppable collage with books and decor,
Generation,Shoppable Posts,Generate inspirational visual posts that contain multiple styled products that can be purchased,Generate a 'BBQ Master's Toolkit' shoppable post,
Generation,Shoppable Posts,Generate inspirational visual posts that contain multiple styled products that can be purchased,Design a 'Meditation & Mindfulness Kit' shoppable visual,
Generation,Shoppable Posts,Generate inspirational visual posts that contain multiple styled products that can be purchased,Create a 'Work From Home Essentials' shoppable collage,
Generation,Shoppable Posts,Generate inspirational visual posts that contain multiple styled products that can be purchased,Generate a 'Date Night Outfit' shoppable post for couples,
Generation,Shoppable Posts,Generate inspirational visual posts that contain multiple styled products that can be purchased,Design a 'Kids Birthday Party Supplies' shoppable mood board,
Generation,Shoppable Posts,Generate inspirational visual posts that contain multiple styled products that can be purchased,Create a 'Plant Parent Starter Kit' shoppable visual,
Generation,Shoppable Posts,Generate inspirational visual posts that contain multiple styled products that can be purchased,Generate a 'Travel Packing Essentials' shoppable collage,
Generation,Shoppable Posts,Generate inspirational visual posts that contain multiple styled products that can be purchased,Design a 'Minimalist Kitchen Makeover' shoppable post,
Generation,Shoppable Posts,Generate inspirational visual posts that contain multiple styled products that can be purchased,Create a 'Outdoor Movie Night Setup' shoppable mood board,
Generation,Shoppable Posts,Generate inspirational visual posts that contain multiple styled products that can be purchased,Generate a 'Sustainable Living Essentials' shoppable visual,
Generation,Shoppable Posts,Generate inspirational visual posts that contain multiple styled products that can be purchased,Design a 'Holiday Gift Guide for Her' shoppable collage,
Generation,Shoppable Posts,Generate inspirational visual posts that contain multiple styled products that can be purchased,Create a 'Fitness Recovery Kit' shoppable post with foam rollers and gear,
Generation,Shoppable Posts,Generate inspirational visual posts that contain multiple styled products that can be purchased,Generate a 'Dorm Room Essentials' shoppable mood board,
Generation,Shoppable Posts,Generate inspirational visual posts that contain multiple styled products that can be purchased,Design a 'Sunday Brunch Hosting Kit' shoppable visual,
Generation,Shoppable Posts,Generate inspirational visual posts that contain multiple styled products that can be purchased,Create a 'Winter Skincare Routine' shoppable collage,
Generation,Shoppable Posts,Generate inspirational visual posts that contain multiple styled products that can be purchased,Generate a 'Pet-Friendly Home Decor' shoppable post,
Generation,Shoppable Posts,Generate inspirational visual posts that contain multiple styled products that can be purchased,Design a 'Summer Festival Outfit Guide' shoppable mood board,
Edit,In-Scene Product Placement,"Insert products into a user-provided home photo with correct scale, lighting, and perspective",Place this coffee table in the living room,home_scene_000_Sponsored_Ad_-_CHITA_Curved_Sectional_Sofa_with_Lumbar_Pillo.jpg; home_product_041_Sponsored_Ad_-_Triangle_Glass_Coffee_Table_Mid-Century_Moder.jpg; home_product_013_Sponsored_Ad_-_Kokaaee_Throw_Pillow_Covers_18x18_-_Tufted_De.jpg; home_product_004_Seaside_village_Arc_Floor_Lamps_for_Living_Room_Modern_Stand.jpg
Edit,In-Scene Product Placement,"Insert products into a user-provided home photo with correct scale, lighting, and perspective",Add this wall art to the living room scene,home_scene_001_Sponsored_Ad_-_JIASTING_Mid_Century_1_Loveseat_Sofa_and_2_Ac.jpg; home_product_021_Sponsored_Ad_-_IAFWZX_Framed_Blue_Gray_Abstract_Wall_Art_Mod.jpg; home_product_014_Sponsored_Ad_-_ZWJD_Throw_Pillow_Covers_20x20_Set_of_2_Strip.jpg
Edit,In-Scene Product Placement,"Insert products into a user-provided home photo with correct scale, lighting, and perspective",Show how this area rug would look in my living room,home_scene_002_Sponsored_Ad_-_CHITA_127_Super_Large_Sectional_Couches_for_L.jpg; home_product_030_Srugn_Washable_Rugs_5x7_Area_Rugs_for_Living_Room_Modern_Abs.jpg
Edit,In-Scene Product Placement,"Insert products into a user-provided home photo with correct scale, lighting, and perspective",Insert this area rug into the living room naturally,home_scene_003_Sponsored_Ad_-_Mjkone_3_Pieces_Living_Room_Sofa_Set_Modern_S.jpg; home_product_027_Sponsored_Ad_-_BESTSWEETIE_5x7_Area_Rugs_for_Living_Room_Was.jpg; home_product_031_5x7_Area_Rug_Living_Room_Rug_Washable_Modern_Abstract_Soft_T.jpg; home_product_037_NUMENN_Bookshelf_5_Tier_Bookshelves_Home_Office_Bookcase_She.jpg
Edit,In-Scene Product Placement,"Insert products into a user-provided home photo with correct scale, lighting, and perspective",Can you place these items in my living room?,home_scene_004_AVZEAR_3-Piece_Living_Room_Sectional_Sofa_Set_Mid-Century_Mo.jpg; home_product_005_Dimmable_LED_Lamps_for_Living_Room_with_3_Color_Temperatures.jpg; home_product_032_Sponsored_Ad_-_Furinno_Basic_Book_Shelf_5-Tier_Bookshelf_Sto.jpg
Edit,In-Scene Product Placement,"Insert products into a user-provided home photo with correct scale, lighting, and perspective",Position this floor lamp in the living room corner,home_scene_005_Toseslo_Power_Reclining_Sofa_Set_with_LED_Light_Leather_Sect.jpg; home_product_001_Sponsored_Ad_-_Gold_Floor_Lamps_for_Living_Room_Arc_Floor_La.jpg; home_product_025_Sponsored_Ad_-_Kureful_Gold_Wall_Decor_-_Black_Canvas_Wall_A.jpg; home_product_023_Large_Framed_Black_and_White_Neutral_Abstract_Wall_Art_for_L.jpg
Edit,In-Scene Product Placement,"Insert products into a user-provided home photo with correct scale, lighting, and perspective",Virtually stage this wall art in the living room,home_scene_006_Portaforta_Sectional_Sofa_Set_77_Convertible_Sofa_45_Lovesea.jpg; home_product_018_Sponsored_Ad_-_Abstract_Framed_Wall_Art_Colorful_Picture_Pri.jpg; home_product_019_Sponsored_Ad_-_Wieco_Art_Large_Wall_Art_Canvas_Prints_of_Caf.jpg; home_product_045_Sponsored_Ad_-_SMARTIK_Glass_Coffee_Table_Modern_Clear_Coffe.jpg
Edit,In-Scene Product Placement,"Insert products into a user-provided home photo with correct scale, lighting, and perspective",Place this area rug in the living room,home_scene_000_Sponsored_Ad_-_CHITA_Curved_Sectional_Sofa_with_Lumbar_Pillo.jpg; home_product_029_Sponsored_Ad_-_Tyrot_Modern_Geometric_5x7_Area_Rugs_Non_Slip.jpg
Edit,In-Scene Product Placement,"Insert products into a user-provided home photo with correct scale, lighting, and perspective",Place this table lamp in the bedroom,home_scene_007_Sponsored_Ad_-_CARPETNAL_Farmhouse_Dresser_and_Nightstand_Se.jpg; home_product_008_Sponsored_Ad_-_Lumspax_21_Modern_Ceramic_Table_Lamp_Set_of_2.jpg; home_product_036_Furinno_Jaya_Book_Shelf_5-Tier_Bookshelf_Bookcase_with_Adjus.jpg
Edit,In-Scene Product Placement,"Insert products into a user-provided home photo with correct scale, lighting, and perspective",Add this throw pillows to the bedroom scene,home_scene_008_Sponsored_Ad_-_BORNOON_9-Drawer_Dresser_for_Bedroom_Modern_W.jpg; home_product_016_Sponsored_Ad_-_MIULEE_Decorative_Linen_Pillow_Covers_18x18_I.jpg
Edit,In-Scene Product Placement,"Insert products into a user-provided home photo with correct scale, lighting, and perspective",Show how this throw pillows would look in my bedroom,home_scene_009_Sponsored_Ad_-_T4TREAM_Farmhouse_Queen_Size_Bed_Frame_with_5.jpg; home_product_017_MIULEE_Pack_of_2_Corduroy_Decorative_Throw_Pillow_Covers_18x.jpg
Edit,In-Scene Product Placement,"Insert products into a user-provided home photo with correct scale, lighting, and perspective",Insert this table lamp into the bedroom naturally,home_scene_010_Sponsored_Ad_-_Fluted_Dresser_for_Bedroom_with_6_Drawers_48_.jpg; home_product_011_SAFAVIEH_Lighting_Collection_Ersta_Brown_Modern_Rustic_Farmh.jpg; home_product_006_Sponsored_Ad_-_Glivpny_Vintage_Lamp_for_Living_Room_16_Moder.jpg
Edit,In-Scene Product Placement,"Insert products into a user-provided home photo with correct scale, lighting, and perspective",Can you place these items in my bedroom?,home_scene_011_Kings_Brand_Furniture_Napa_Farmhouse_6-Piece_Bedroom_Set_-_B.jpg; home_product_049_Sponsored_Ad_-_OBJET_D_ART_Small_Round_Gold_End_Tables_Laris.jpg
Edit,In-Scene Product Placement,"Insert products into a user-provided home photo with correct scale, lighting, and perspective",Stage this area rug on the bedroom nightstand area,home_scene_012_LOUVIXA_Farmhouse_Bedroom_Sets_of_4_4Pcs_Farmhouse_Dresser_S.jpg; home_product_026_Sponsored_Ad_-_GarveeHome_5x7_Abstract_Area_Rug_for_Living_R.jpg; home_product_015_Sponsored_Ad_-_FUTEI_Dusty_Blue_Chenille_Decorative_Throw_Pi.jpg; home_product_047_Sponsored_Ad_-_danpinera_2-Tier_End_Table_Outdoor_Side_Table.jpg
Edit,In-Scene Product Placement,"Insert products into a user-provided home photo with correct scale, lighting, and perspective",Place this side table in the kitchen,home_scene_013_Sponsored_Ad_-_Keyluv_Kitchen_Storage_Island_with_2_Stools_5.jpg; home_product_046_Sponsored_Ad_-_ZEXVIDA_Round_Gold_Side_Table_2_Tier_Tempered.jpg; home_product_020_Sponsored_Ad_-_PHOPAGO_Black_Abstract_Wall_Art_Large_16x24in.jpg
Edit,In-Scene Product Placement,"Insert products into a user-provided home photo with correct scale, lighting, and perspective",Add this table lamp to the kitchen scene,home_scene_014_Sponsored_Ad_-_VATROS_26_H_Counter_Height_Bar_Stools_Set_of_.jpg; home_product_012_Sponsored_Ad_-_Nourison_Home_23_Natural_White_Ceramic_Jar_Ta.jpg; home_product_007_Sponsored_Ad_-_Henn_Hart_25_5_Modern_1-Light_Ceramic_Table_L.jpg
Edit,In-Scene Product Placement,"Insert products into a user-provided home photo with correct scale, lighting, and perspective",Show how this table lamp would look in my kitchen,home_scene_015_Sponsored_Ad_-_ONBRILL_Stationary_Kitchen_Islands_Include_2_.jpg; home_product_010_PoKat_23_Modern_Ceramic_Table_Lamp_Set_of_2_for_Living_Room_.jpg; home_product_024_Framed_Neutral_Abstract_Wall_Art_Set_of_3_Modern_Canvas_Prin.jpg
Edit,In-Scene Product Placement,"Insert products into a user-provided home photo with correct scale, lighting, and perspective",Insert this table lamp into the kitchen naturally,home_scene_016_Sponsored_Ad_-_RIVOVA_Contemporary_Cream_Linen_Bar_Stools_Se.jpg; home_product_009_Sponsored_Ad_-_USumkky_20_5_White_Modern_Ceramic_Bedside_Lam.jpg; home_product_022_Large_Abstract_Canvas_Wall_Art_Black_and_Grey_Art_Pictures_f.jpg
Edit,In-Scene Product Placement,"Insert products into a user-provided home photo with correct scale, lighting, and perspective",Can you place these items in my kitchen?,home_scene_017_Kitchen_Island_with_Storage_and_Seating_Include_2_Bar_Stools.jpg; home_product_047_Sponsored_Ad_-_danpinera_2-Tier_End_Table_Outdoor_Side_Table.jpg; home_product_049_Sponsored_Ad_-_OBJET_D_ART_Small_Round_Gold_End_Tables_Laris.jpg
Edit,In-Scene Product Placement,"Insert products into a user-provided home photo with correct scale, lighting, and perspective",Place this floor lamp in the dining room,home_scene_027_Best_Choice_Products_5-Piece_Dining_Set_Compact_Mid-Century_.jpg; home_product_002_Sponsored_Ad_-_Nintiue_Upgraded_Modern_Arc_Dimmable_Tall_Sta.jpg; home_product_019_Sponsored_Ad_-_Wieco_Art_Large_Wall_Art_Canvas_Prints_of_Caf.jpg
Edit,In-Scene Product Placement,"Insert products into a user-provided home photo with correct scale, lighting, and perspective",Add this area rug to the dining area,home_scene_027_Best_Choice_Products_5-Piece_Dining_Set_Compact_Mid-Century_.jpg; home_product_029_Sponsored_Ad_-_Tyrot_Modern_Geometric_5x7_Area_Rugs_Non_Slip.jpg
Edit,In-Scene Product Placement,"Insert products into a user-provided home photo with correct scale, lighting, and perspective",Show how this wall art would look in my dining room,home_scene_027_Best_Choice_Products_5-Piece_Dining_Set_Compact_Mid-Century_.jpg; home_product_024_Framed_Neutral_Abstract_Wall_Art_Set_of_3_Modern_Canvas_Prin.jpg
Edit,In-Scene Product Placement,"Insert products into a user-provided home photo with correct scale, lighting, and perspective",Insert this wall art into the dining room scene,home_scene_027_Best_Choice_Products_5-Piece_Dining_Set_Compact_Mid-Century_.jpg; home_product_021_Sponsored_Ad_-_IAFWZX_Framed_Blue_Gray_Abstract_Wall_Art_Mod.jpg; home_product_026_Sponsored_Ad_-_GarveeHome_5x7_Abstract_Area_Rug_for_Living_R.jpg; home_product_027_Sponsored_Ad_-_BESTSWEETIE_5x7_Area_Rugs_for_Living_Room_Was.jpg
Edit,In-Scene Product Placement,"Insert products into a user-provided home photo with correct scale, lighting, and perspective",Can you place these items in my dining room?,home_scene_027_Best_Choice_Products_5-Piece_Dining_Set_Compact_Mid-Century_.jpg; home_product_020_Sponsored_Ad_-_PHOPAGO_Black_Abstract_Wall_Art_Large_16x24in.jpg
Edit,In-Scene Product Placement,"Insert products into a user-provided home photo with correct scale, lighting, and perspective",Place this wall art in the bathroom,home_scene_028_Sponsored_Ad_-_Bimno_LED_Bathroom_Mirror_48_x32_Wall-Mounted.jpg; home_product_018_Sponsored_Ad_-_Abstract_Framed_Wall_Art_Colorful_Picture_Pri.jpg; home_product_046_Sponsored_Ad_-_ZEXVIDA_Round_Gold_Side_Table_2_Tier_Tempered.jpg
Edit,In-Scene Product Placement,"Insert products into a user-provided home photo with correct scale, lighting, and perspective",Add this wall art to the bathroom scene,home_scene_029_Sponsored_Ad_-_Etemnozon_LED_Bathroom_Mirrors_with_Lights_24.jpg; home_product_022_Large_Abstract_Canvas_Wall_Art_Black_and_Grey_Art_Pictures_f.jpg
Edit,In-Scene Product Placement,"Insert products into a user-provided home photo with correct scale, lighting, and perspective",Show how this wall art would look in my bathroom,home_scene_030_Sponsored_Ad_-_Niccy_Led_Mirror_for_Bathroom_32_x20_Frameles.jpg; home_product_023_Large_Framed_Black_and_White_Neutral_Abstract_Wall_Art_for_L.jpg; home_product_025_Sponsored_Ad_-_Kureful_Gold_Wall_Decor_-_Black_Canvas_Wall_A.jpg
Edit,In-Scene Product Placement,"Insert products into a user-provided home photo with correct scale, lighting, and perspective",Place this floor lamp in the home office,home_scene_036_Sponsored_Ad_-_SEDETA_Executive_Desk_61_Farmhouse_L_Shaped_D.jpg; home_product_001_Sponsored_Ad_-_Gold_Floor_Lamps_for_Living_Room_Arc_Floor_La.jpg; home_product_036_Furinno_Jaya_Book_Shelf_5-Tier_Bookshelf_Bookcase_with_Adjus.jpg
Edit,In-Scene Product Placement,"Insert products into a user-provided home photo with correct scale, lighting, and perspective",Add this table lamp to the study area,home_scene_037_Sponsored_Ad_-_LVB_Reversible_Gray_L_Shaped_Corner_Desk_Farm.jpg; home_product_012_Sponsored_Ad_-_Nourison_Home_23_Natural_White_Ceramic_Jar_Ta.jpg
Edit,In-Scene Product Placement,"Insert products into a user-provided home photo with correct scale, lighting, and perspective",Show how this floor lamp would look in my home office,home_scene_038_Sponsored_Ad_-_SEDETA_67_Farmhouse_L_Shaped_Desk_with_3_Draw.jpg; home_product_003_Sponsored_Ad_-_eyassi_Arc_Floor_Lamp_with_3_Color_Temperatur.jpg; home_product_034_Sponsored_Ad_-_VASAGLE_CUSTOS_Collection_-_Bookshelf_5-Tier_.jpg; home_product_006_Sponsored_Ad_-_Glivpny_Vintage_Lamp_for_Living_Room_16_Moder.jpg
Edit,Interior Style Generation,Transform a user-provided home image into a different interior design style,Transform this living room into a modern minimalist style,home_scene_000_Sponsored_Ad_-_CHITA_Curved_Sectional_Sofa_with_Lumbar_Pillo.jpg
Edit,Interior Style Generation,Transform a user-provided home image into a different interior design style,Redesign this living room in Scandinavian style,home_scene_001_Sponsored_Ad_-_JIASTING_Mid_Century_1_Loveseat_Sofa_and_2_Ac.jpg
Edit,Interior Style Generation,Transform a user-provided home image into a different interior design style,Generate a bohemian-inspired version of this living room,home_scene_002_Sponsored_Ad_-_CHITA_127_Super_Large_Sectional_Couches_for_L.jpg
Edit,Interior Style Generation,Transform a user-provided home image into a different interior design style,Convert this living room to an industrial loft aesthetic,home_scene_003_Sponsored_Ad_-_Mjkone_3_Pieces_Living_Room_Sofa_Set_Modern_S.jpg
Edit,Interior Style Generation,Transform a user-provided home image into a different interior design style,Restyle this living room in mid-century modern design,home_scene_004_AVZEAR_3-Piece_Living_Room_Sectional_Sofa_Set_Mid-Century_Mo.jpg
Edit,Interior Style Generation,Transform a user-provided home image into a different interior design style,Transform this living room into a coastal beach house style,home_scene_005_Toseslo_Power_Reclining_Sofa_Set_with_LED_Light_Leather_Sect.jpg
Edit,Interior Style Generation,Transform a user-provided home image into a different interior design style,Redesign this living room with a rustic farmhouse look,home_scene_006_Portaforta_Sectional_Sofa_Set_77_Convertible_Sofa_45_Lovesea.jpg
Edit,Interior Style Generation,Transform a user-provided home image into a different interior design style,Generate an Art Deco inspired version of this bedroom,home_scene_007_Sponsored_Ad_-_CARPETNAL_Farmhouse_Dresser_and_Nightstand_Se.jpg
Edit,Interior Style Generation,Transform a user-provided home image into a different interior design style,Convert this bedroom to a Japanese zen minimalist style,home_scene_008_Sponsored_Ad_-_BORNOON_9-Drawer_Dresser_for_Bedroom_Modern_W.jpg
Edit,Interior Style Generation,Transform a user-provided home image into a different interior design style,Restyle this bedroom in contemporary luxury design,home_scene_009_Sponsored_Ad_-_T4TREAM_Farmhouse_Queen_Size_Bed_Frame_with_5.jpg
Edit,Interior Style Generation,Transform a user-provided home image into a different interior design style,Transform this bedroom into a French country style,home_scene_010_Sponsored_Ad_-_Fluted_Dresser_for_Bedroom_with_6_Drawers_48_.jpg
Edit,Interior Style Generation,Transform a user-provided home image into a different interior design style,Redesign this bedroom with a tropical resort aesthetic,home_scene_011_Kings_Brand_Furniture_Napa_Farmhouse_6-Piece_Bedroom_Set_-_B.jpg
Edit,Interior Style Generation,Transform a user-provided home image into a different interior design style,Generate a Mediterranean-inspired version of this bedroom,home_scene_012_LOUVIXA_Farmhouse_Bedroom_Sets_of_4_4Pcs_Farmhouse_Dresser_S.jpg
Edit,Interior Style Generation,Transform a user-provided home image into a different interior design style,Convert this kitchen to a Moroccan-themed design,home_scene_013_Sponsored_Ad_-_Keyluv_Kitchen_Storage_Island_with_2_Stools_5.jpg
Edit,Interior Style Generation,Transform a user-provided home image into a different interior design style,Restyle this kitchen in a classic traditional style,home_scene_014_Sponsored_Ad_-_VATROS_26_H_Counter_Height_Bar_Stools_Set_of_.jpg
Edit,Interior Style Generation,Transform a user-provided home image into a different interior design style,Transform this kitchen into an eclectic maximalist design,home_scene_015_Sponsored_Ad_-_ONBRILL_Stationary_Kitchen_Islands_Include_2_.jpg
Edit,Interior Style Generation,Transform a user-provided home image into a different interior design style,Redesign this kitchen with a sleek urban modern look,home_scene_016_Sponsored_Ad_-_RIVOVA_Contemporary_Cream_Linen_Bar_Stools_Se.jpg
Edit,Interior Style Generation,Transform a user-provided home image into a different interior design style,Generate a vintage retro-inspired version of this kitchen,home_scene_017_Kitchen_Island_with_Storage_and_Seating_Include_2_Bar_Stools.jpg
Edit,Interior Style Generation,Transform a user-provided home image into a different interior design style,Convert this kitchen to a warm transitional style,home_scene_018_Polibi_3-Piece_Kitchen_Island_Set_with_2_Stools_and_2_Shelve.jpg
Edit,Interior Style Generation,Transform a user-provided home image into a different interior design style,Restyle this kitchen in a monochromatic modern design,home_scene_019_ONBRILL_Stationary_Kitchen_Islands_Include_2_Chairs_47_Kitch.jpg
Edit,Interior Style Generation,Transform a user-provided home image into a different interior design style,Transform this kitchen into a nature-inspired biophilic design,home_scene_020_Sponsored_Ad_-_Counter_Height_Bar_Stools_Set_of_2_for_Kitche.jpg
Edit,Interior Style Generation,Transform a user-provided home image into a different interior design style,Redesign this kitchen with a glamorous Hollywood Regency style,home_scene_021_Sponsored_Ad_-_Gizoon_Dining_Table_Set_for_4_Kitchen_Table_C.jpg
Edit,Interior Style Generation,Transform a user-provided home image into a different interior design style,Generate a cozy hygge-inspired version of this kitchen,home_scene_022_Sponsored_Ad_-_Livinia_Seattle_5-Piece_Wooden_Dining_Table_S.jpg
Edit,Interior Style Generation,Transform a user-provided home image into a different interior design style,Convert this kitchen to a clean Bauhaus-influenced design,home_scene_023_Sponsored_Ad_-_Homedot_Round_Dining_Table_Set_for_4_Modern_5.jpg
Edit,Interior Style Generation,Transform a user-provided home image into a different interior design style,Restyle this kitchen in a warm Tuscan villa aesthetic,home_scene_024_Sponsored_Ad_-_5-Piece_Dining_Table_Set_Gray_Walnut_Brown_Wo.jpg
Edit,Interior Style Generation,Transform a user-provided home image into a different interior design style,Transform this kitchen into a sleek futuristic design,home_scene_025_Itaar_5-Piece_Dining_Table_Set_for_4-6_People_63_Extendable_.jpg
Edit,Interior Style Generation,Transform a user-provided home image into a different interior design style,Redesign this kitchen with a charming cottage core style,home_scene_026_Best_Choice_Products_5-Piece_Glass_Dining_Set_Modern_Kitchen.jpg
Edit,Interior Style Generation,Transform a user-provided home image into a different interior design style,Generate a sophisticated hotel-lobby inspired version of this dining room,home_scene_027_Best_Choice_Products_5-Piece_Dining_Set_Compact_Mid-Century_.jpg
Edit,Interior Style Generation,Transform a user-provided home image into a different interior design style,Convert this bathroom to a vibrant boho-chic style,home_scene_028_Sponsored_Ad_-_Bimno_LED_Bathroom_Mirror_48_x32_Wall-Mounted.jpg
Edit,Interior Style Generation,Transform a user-provided home image into a different interior design style,Restyle this bathroom in a serene spa-like wellness design,home_scene_029_Sponsored_Ad_-_Etemnozon_LED_Bathroom_Mirrors_with_Lights_24.jpg
Edit,Home Editing,"Modify specific elements of a home scene such as furniture, decor, color palette, or materials",Replace the coffee table with a marble-top version,home_scene_000_Sponsored_Ad_-_CHITA_Curved_Sectional_Sofa_with_Lumbar_Pillo.jpg
Edit,Home Editing,"Modify specific elements of a home scene such as furniture, decor, color palette, or materials",Change the sofa fabric from leather to velvet in navy blue,home_scene_001_Sponsored_Ad_-_JIASTING_Mid_Century_1_Loveseat_Sofa_and_2_Ac.jpg
Edit,Home Editing,"Modify specific elements of a home scene such as furniture, decor, color palette, or materials",Replace the area rug with a larger Persian-style one,home_scene_002_Sponsored_Ad_-_CHITA_127_Super_Large_Sectional_Couches_for_L.jpg
Edit,Home Editing,"Modify specific elements of a home scene such as furniture, decor, color palette, or materials",Change the wall color from white to sage green,home_scene_003_Sponsored_Ad_-_Mjkone_3_Pieces_Living_Room_Sofa_Set_Modern_S.jpg
Edit,Home Editing,"Modify specific elements of a home scene such as furniture, decor, color palette, or materials",Replace the curtains with floor-to-ceiling linen drapes in cream,home_scene_004_AVZEAR_3-Piece_Living_Room_Sectional_Sofa_Set_Mid-Century_Mo.jpg
Edit,Home Editing,"Modify specific elements of a home scene such as furniture, decor, color palette, or materials",Swap the throw pillows to a mix of mustard and teal patterns,home_scene_005_Toseslo_Power_Reclining_Sofa_Set_with_LED_Light_Leather_Sect.jpg
Edit,Home Editing,"Modify specific elements of a home scene such as furniture, decor, color palette, or materials",Replace the bookshelf with built-in floor-to-ceiling shelving,home_scene_006_Portaforta_Sectional_Sofa_Set_77_Convertible_Sofa_45_Lovesea.jpg
Edit,Home Editing,"Modify specific elements of a home scene such as furniture, decor, color palette, or materials",Change the ceiling from flat white to exposed wooden beams,home_scene_000_Sponsored_Ad_-_CHITA_Curved_Sectional_Sofa_with_Lumbar_Pillo.jpg
Edit,Home Editing,"Modify specific elements of a home scene such as furniture, decor, color palette, or materials",Swap the bedframe from wood to upholstered in gray velvet,home_scene_007_Sponsored_Ad_-_CARPETNAL_Farmhouse_Dresser_and_Nightstand_Se.jpg
Edit,Home Editing,"Modify specific elements of a home scene such as furniture, decor, color palette, or materials",Change the wall color to a calming dusty blue,home_scene_008_Sponsored_Ad_-_BORNOON_9-Drawer_Dresser_for_Bedroom_Modern_W.jpg
Edit,Home Editing,"Modify specific elements of a home scene such as furniture, decor, color palette, or materials",Replace the nightstands with floating wall-mounted shelves,home_scene_009_Sponsored_Ad_-_T4TREAM_Farmhouse_Queen_Size_Bed_Frame_with_5.jpg
Edit,Home Editing,"Modify specific elements of a home scene such as furniture, decor, color palette, or materials",Change the bedding to a linen set in warm terracotta,home_scene_010_Sponsored_Ad_-_Fluted_Dresser_for_Bedroom_with_6_Drawers_48_.jpg
Edit,Home Editing,"Modify specific elements of a home scene such as furniture, decor, color palette, or materials",Add a statement pendant light above the bed,home_scene_011_Kings_Brand_Furniture_Napa_Farmhouse_6-Piece_Bedroom_Set_-_B.jpg
Edit,Home Editing,"Modify specific elements of a home scene such as furniture, decor, color palette, or materials",Replace the dresser with a mid-century modern walnut one,home_scene_012_LOUVIXA_Farmhouse_Bedroom_Sets_of_4_4Pcs_Farmhouse_Dresser_S.jpg
Edit,Home Editing,"Modify specific elements of a home scene such as furniture, decor, color palette, or materials",Change the kitchen countertop from granite to white quartz,home_scene_013_Sponsored_Ad_-_Keyluv_Kitchen_Storage_Island_with_2_Stools_5.jpg
Edit,Home Editing,"Modify specific elements of a home scene such as furniture, decor, color palette, or materials",Replace the kitchen island stools with woven rattan ones,home_scene_014_Sponsored_Ad_-_VATROS_26_H_Counter_Height_Bar_Stools_Set_of_.jpg
Edit,Home Editing,"Modify specific elements of a home scene such as furniture, decor, color palette, or materials",Change the backsplash to white marble herringbone tile,home_scene_015_Sponsored_Ad_-_ONBRILL_Stationary_Kitchen_Islands_Include_2_.jpg
Edit,Home Editing,"Modify specific elements of a home scene such as furniture, decor, color palette, or materials",Swap the kitchen faucet with a pull-down sprayer in brushed gold,home_scene_016_Sponsored_Ad_-_RIVOVA_Contemporary_Cream_Linen_Bar_Stools_Se.jpg
Edit,Home Editing,"Modify specific elements of a home scene such as furniture, decor, color palette, or materials",Replace the cabinet hardware from silver to matte black handles,home_scene_017_Kitchen_Island_with_Storage_and_Seating_Include_2_Bar_Stools.jpg
Edit,Home Editing,"Modify specific elements of a home scene such as furniture, decor, color palette, or materials",Swap the dining chairs with modern upholstered ones in cream,home_scene_027_Best_Choice_Products_5-Piece_Dining_Set_Compact_Mid-Century_.jpg
Edit,Home Editing,"Modify specific elements of a home scene such as furniture, decor, color palette, or materials",Replace the dining table with a round marble-top version,home_scene_027_Best_Choice_Products_5-Piece_Dining_Set_Compact_Mid-Century_.jpg
Edit,Home Editing,"Modify specific elements of a home scene such as furniture, decor, color palette, or materials",Change the light fixture to a modern sputnik chandelier,home_scene_027_Best_Choice_Products_5-Piece_Dining_Set_Compact_Mid-Century_.jpg
Edit,Home Editing,"Modify specific elements of a home scene such as furniture, decor, color palette, or materials",Add a statement area rug under the dining table,home_scene_027_Best_Choice_Products_5-Piece_Dining_Set_Compact_Mid-Century_.jpg
Edit,Home Editing,"Modify specific elements of a home scene such as furniture, decor, color palette, or materials",Replace the sideboard with a sleek walnut credenza,home_scene_027_Best_Choice_Products_5-Piece_Dining_Set_Compact_Mid-Century_.jpg
Edit,Home Editing,"Modify specific elements of a home scene such as furniture, decor, color palette, or materials",Change the bathroom tiles from white to sage green subway tiles,home_scene_028_Sponsored_Ad_-_Bimno_LED_Bathroom_Mirror_48_x32_Wall-Mounted.jpg
Edit,Home Editing,"Modify specific elements of a home scene such as furniture, decor, color palette, or materials",Replace the vanity mirror with a round gold-framed one,home_scene_029_Sponsored_Ad_-_Etemnozon_LED_Bathroom_Mirrors_with_Lights_24.jpg
Edit,Home Editing,"Modify specific elements of a home scene such as furniture, decor, color palette, or materials",Change the shower head to a rainfall style in matte black,home_scene_030_Sponsored_Ad_-_Niccy_Led_Mirror_for_Bathroom_32_x20_Frameles.jpg
Edit,Home Editing,"Modify specific elements of a home scene such as furniture, decor, color palette, or materials",Replace the desk with a standing desk in walnut finish,home_scene_036_Sponsored_Ad_-_SEDETA_Executive_Desk_61_Farmhouse_L_Shaped_D.jpg
Edit,Home Editing,"Modify specific elements of a home scene such as furniture, decor, color palette, or materials",Change the office chair to a mid-century leather one,home_scene_037_Sponsored_Ad_-_LVB_Reversible_Gray_L_Shaped_Corner_Desk_Farm.jpg
Edit,Home Editing,"Modify specific elements of a home scene such as furniture, decor, color palette, or materials",Add built-in bookshelves along the wall behind the desk,home_scene_038_Sponsored_Ad_-_SEDETA_67_Farmhouse_L_Shaped_Desk_with_3_Draw.jpg
